location_id,filename,heading_degrees
P5,01.jpeg,159
P5,02.jpeg,198
P5,03.jpeg,268
P5,04.jpeg,5
P5,05.jpeg,26
P5,06.jpeg,52
P5,07.jpeg,79
P5,08.jpeg,202
P5,09.jpeg,257
P5,10.jpeg,294
P6,1.jpeg,321
P6,2.jpeg,20
P6,3.jpeg,62
P6,4.jpeg,104
P6,5.jpeg,169
P6,6.jpeg,209
P6,7.jpeg,241
P6,8.jpeg,264
P7,1.jpeg,269
P7,2.jpeg,332
P7,3.jpeg,11
P7,4.jpeg,46
P7,5.jpeg,86
P7,6.jpeg,140
P7,7.jpeg,188
P7,8.jpeg,225
P8,1.jpeg,248
P8,2.jpeg,284
P8,3.jpeg,326
P8,4.jpeg,16
P8,5.jpeg,70
P8,6.jpeg,96
P8,7.jpeg,143
P8,8.jpeg,212
P8,9.jpeg,229
