index,pixel_x,pixel_y,slot_id,zone
0,687.4604760000000,515.646119000000,87-04C,zone_00
1,615.640515000000,515.646119000000,87-04B,zone_00
2,539.4678290000001,515.646119000000,87-04A,zone_00
3,432.8260690000000,513.469756000000,87-03C,zone_00
4,363.18247000000002,513.469756000000,87-03B,zone_00
5,289.1861470000000,513.469756000000,87-03A,zone_00
6,287.009785000000,169.60448900000000,86-03C,zone_00
7,363.18247000000002,171.78085200000001,86-03B,zone_00
8,439.35515600000002,171.78085200000001,86-03A,zone_00
9,537.291467000000,171.78085200000001,86-04C,zone_00
10,611.287790000000,173.9572140000000,86-04B,zone_00
11,689.6368380000000,173.9572140000000,86-04A,zone_00
